Rank,AllPos,AllNeg,TopPos,TopNeg,Movie,Release,Revenues,year
1,238,48,38,3,Avatar (Fox),18-Dec-09,"$760,507,625 ",2009
2,145,21,36,8,Titanic (Paramount),19-Dec-97,"$658,672,302 ",1997
3,268,22,38,7,Marvel's The Avengers (Disney),04-May-12,"$623,357,910 ",2012
4,268,18,42,4,The Dark Knight (Warner Bros.),18-Jul-08,"$534,858,444 ",2008
5,107,81,19,31,Star Wars: Episode I - The Phantom Menace (Fox),19-May-99,"$474,544,249 ",1999
6,63,4,15,2,Star Wars (Fox),25-May-77,"$460,998,882 ",1977
7,256,39,34,11,The Dark Knight Rises (Warner Bros.),20-Jul-12,"$448,139,099 ",2012
8,185,23,36,5,Shrek 2 (DreamWorks),19-May-04,"$441,226,414 ",2004
9,92,2,17,1,E.T.: The Extra-Terrestrial (Universal),11-Jun-82,"$435,110,890 ",1982
10,119,101,16,25,Pirates of the Caribbean: Dead Man's Chest (Disney),07-Jul-06,"$423,315,199 ",2006
11,84,10,14,1,The Lion King (Disney),15-Jun-94,"$422,783,937 ",1994
12,252,3,41,0,Toy Story 3 (Disney),18-Jun-10,"$415,004,880 ",2010
13,225,41,32,9,The Hunger Games (Lionsgate),23-Mar-12,"$408,010,692 ",2012
14,193,23,31,6,Spider-Man (Sony / Columbia),03-May-02,"$403,706,983 ",2002
15,49,190,7,34,Transformers: Revenge of the Fallen (Paramount / DreamWorks),24-Jun-09,"$402,111,347 ",2009
16,267,10,43,0,Harry Potter and the Deathly Hallows: Part 2 (Warner Bros.),15-Jul-11,"$381,011,219 ",2011
17,203,51,30,14,Star Wars: Episode III - Revenge of the Sith (Fox),19-May-05,"$380,270,448 ",2005
18,223,2,45,0,Finding Nemo (Disney),30-May-03,"$380,230,842 ",2003
19,230,14,43,1,The Lord of the Rings: The Return of the King (New Line),17-Dec-03,"$377,027,863 ",2003
20,226,16,43,2,Spider-Man 2 (Sony / Columbia),30-Jun-04,"$373,524,311 ",2004
21,131,135,18,31,The Passion of the Christ (Newmarket),25-Feb-04,"$370,773,682 ",2004
22,44,5,9,1,Jurassic Park (Universal),11-Jun-93,"$357,067,990 ",1993
23,85,154,10,31,Transformers: Dark of the Moon (Paramount / DreamWorks),28-Jun-11,"$352,390,543 ",2011
24,213,9,39,0,The Lord of the Rings: The Two Towers (New Line),18-Dec-02,"$341,786,621 ",2002
25,154,90,20,27,Spider-Man 3 (Sony / Columbia),04-May-07,"$336,530,590 ",2007
26,134,127,23,16,Alice in Wonderland (2010) (Disney),05-Mar-10,"$334,191,110 ",2010
27,40,16,9,4,Forrest Gump (Paramount),06-Jul-94,"$329,694,570 ",1994
28,84,122,19,22,Shrek the Third (Paramount / DreamWorks),18-May-07,"$322,719,455 ",2007
29,125,95,29,13,Transformers (Paramount / DreamWorks),03-Jul-07,"$319,246,139 ",2007
30,223,15,40,4,Iron Man (Paramount),02-May-08,"$318,412,855 ",2008
31,147,38,30,11,Harry Potter and the Sorcerer's Stone (Warner Bros.),16-Nov-01,"$317,575,047 ",2001
32,198,57,27,16,Indiana Jones and the Kingdom of the Crystal Skull (Paramount),22-May-08,"$317,101,243 ",2008
33,192,17,36,3,The Lord of the Rings: The Fellowship of the Ring (New Line),19-Dec-01,"$314,776,383 ",2001
34,200,68,26,14,Iron Man 2 (Paramount),07-May-10,"$312,128,345 ",2010
35,145,73,17,24,Star Wars: Episode II - Attack of the Clones (Fox),16-May-02,"$310,676,344 ",2002
36,98,121,14,28,Pirates of the Caribbean: At World's End (Disney),25-May-07,"$309,420,379 ",2007
37,52,14,15,4,Return of the Jedi (Fox),25-May-83,"$309,306,996 ",1983
38,34,22,11,6,Independence Day (Fox),03-Jul-96,"$306,169,262 ",1996
39,161,44,28,13,Pirates of the Caribbean: The Curse of the Black Pearl (Disney),09-Jul-03,"$305,413,236 ",2003
40,215,42,39,5,Harry Potter and the Half-Blood Prince (Warner Bros.),15-Jul-09,"$301,959,187 ",2009
41,114,119,24,14,The Twilight Saga: Eclipse (Summit),30-Jun-10,"$300,531,751 ",2010
42,59,159,18,26,The Twilight Saga: New Moon (Summit),20-Nov-09,"$296,639,747 ",2009
43,196,52,30,11,Harry Potter and the Deathly Hallows: Part 1 (Warner Bros.),19-Nov-10,"$295,983,305 ",2010
44,114,20,25,7,The Sixth Sense (Disney),06-Aug-99,"$293,506,977 ",1999
45,273,5,39,2,Up (Disney),29-May-09,"$293,003,689 ",2009
46,245,39,34,8,Inception (Warner Bros.),16-Jul-10,"$292,576,195 ",2010
47,186,53,30,13,Harry Potter and the Order of the Phoenix (Warner Bros.),11-Jul-07,"$292,004,517 ",2007
48,161,50,30,10,"The Chronicles of Narnia: The Lion, the Witch and the Wardrobe (Disney)",09-Dec-05,"$291,710,571 ",2005
49,69,2,16,2,The Empire Strikes Back (Fox),21-May-80,"$290,271,915 ",1980
50,195,27,34,5,Harry Potter and the Goblet of Fire (Warner Bros.),18-Nov-05,"$290,013,999 ",2005
51,22,19,5,2,Home Alone (Fox),16-Nov-90,"$285,761,269 ",1990
52,173,63,31,13,The Matrix Reloaded (Warner Bros.),15-May-03,"$281,553,328 ",2003
53,47,145,11,27,The Twilight Saga: Breaking Dawn - Part 1 (Lionsgate / Summit),18-Nov-11,"$281,287,133 ",2011
54,60,97,15,24,Meet the Fockers (Universal),16-Dec-04,"$279,261,547 ",2004
55,172,47,28,8,The Hangover (Warner Bros.),05-Jun-09,"$277,322,696 ",2009
56,83,91,15,18,The Twilight Saga: Breaking Dawn - Part 2 (Lionsgate / Summit),16-Nov-12,"$276,826,143 ",2012
57,257,23,41,4,Skyfall (Sony / Columbia),08-Nov-12,"$271,921,795 ",2012
58,156,20,33,5,Shrek (DreamWorks),16-May-01,"$267,665,130 ",2001
59,202,74,31,10,The Amazing Spider-Man (Sony / Columbia),03-Jul-12,"$262,030,663 ",2012
60,169,35,27,12,Harry Potter and the Chamber of Secrets (Warner Bros.),15-Nov-02,"$261,988,168 ",2002
61,223,7,42,2,The Incredibles (Disney),05-Nov-04,"$261,441,580 ",2004
62,69,60,16,15,How the Grinch Stole Christmas (Universal),17-Nov-00,"$260,044,175 ",2000
63,52,0,5,0,Jaws (Universal),20-Jun-75,"$260,000,591 ",1975
64,279,16,42,3,Star Trek (Paramount),08-May-09,"$257,730,024 ",2009
65,147,64,27,18,I Am Legend (Warner Bros.),14-Dec-07,"$256,393,949 ",2007
66,126,64,16,10,The Blind Side (Warner Bros.),20-Nov-09,"$255,959,000 ",2009
67,160,8,30,4,"Monsters, Inc. (Disney)",02-Nov-01,"$255,873,023 ",2001
68,79,150,9,31,The Hangover Part II (Warner Bros.),26-May-11,"$254,464,305 ",2011
69,40,16,4,3,Batman (1989) (Warner Bros.),23-Jun-89,"$252,101,403 ",1989
70,153,36,29,4,Despicable Me (Universal),09-Jul-10,"$251,513,985 ",2010
71,57,73,13,17,Night at the Museum (Fox),22-Dec-06,"$250,863,213 ",2006
72,65,7,16,3,Men in Black (Sony / Columbia),02-Jul-97,"$250,690,756 ",1997
73,209,22,39,4,Harry Potter and the Prisoner of Azkaban (Warner Bros.),04-Jun-04,"$249,538,372 ",2004
74,55,3,4,2,Raiders of the Lost Ark (Paramount),12-Jun-81,"$248,159,971 ",1981
75,161,0,38,0,Toy Story 2 (Disney),19-Nov-99,"$245,852,199 ",1999
76,143,51,30,11,Cars (Disney),09-Jun-06,"$244,082,964 ",2006
77,89,94,21,17,Bruce Almighty (Universal),23-May-03,"$242,829,757 ",2003
78,30,21,8,3,Twister (1996) (Warner Bros.),10-May-96,"$241,721,884 ",1996
79,98,31,18,8,My Big Fat Greek Wedding (IFC Films),19-Apr-02,"$241,438,568 ",2002
80,84,168,11,28,Pirates of the Caribbean: On Stranger Tides (Disney),20-May-11,"$241,071,802 ",2011
81,49,3,3,2,Ghostbusters (Columbia),08-Jun-84,"$238,632,654 ",1984
82,108,80,14,19,Shrek Forever After (Paramount / DreamWorks),21-May-10,"$238,395,990 ",2010
83,165,47,28,12,Brave (Disney),22-Jun-12,"$237,211,825 ",2012
84,34,7,4,2,Beverly Hills Cop (Paramount),05-Dec-84,"$234,760,312 ",1984
85,130,99,23,21,X-Men: The Last Stand (Fox),26-May-06,"$234,362,795 ",2006
86,186,65,29,14,War of the Worlds (Paramount),29-Jun-05,"$234,280,479 ",2005
87,138,16,31,4,Cast Away (Fox),22-Dec-00,"$233,632,386 ",2000
88,33,30,7,7,The Lost World: Jurassic Park (Universal),23-May-97,"$229,086,940 ",1997
89,166,59,23,17,Signs (Disney),02-Aug-02,"$227,966,979 ",2002
90,87,128,14,27,Hancock (Sony / Columbia),02-Jul-08,"$227,946,076 ",2008
91,221,15,40,1,The Bourne Ultimatum (Universal),03-Aug-07,"$227,471,923 ",2007
92,66,61,18,16,Rush Hour 2 (New Line),03-Aug-01,"$226,164,771 ",2001
93,226,9,41,1,WALL-E (Disney),27-Jun-08,"$223,808,838 ",2008
94,43,82,9,18,National Treasure: Book of Secrets (Disney),21-Dec-07,"$219,964,410 ",2007
95,17,65,3,17,Alvin and the Chipmunks: The Squeakquel (Fox),23-Dec-09,"$219,615,000 ",2009
96,35,14,7,1,Mrs. Doubtfire (Fox),24-Nov-93,"$219,195,038 ",1993
97,85,7,23,1,Beauty and the Beast (1991) (Disney),13-Nov-91,"$218,967,717 ",1991
98,135,60,23,14,Ted (2012) (Universal),29-Jun-12,"$218,665,740 ",2012
99,216,42,35,9,King Kong (2005) (Universal),14-Dec-05,"$218,135,164 ",2005
100,36,8,5,0,Ghost (Paramount),13-Jul-90,"$217,631,141 ",1990
101,169,3,28,2,How to Train Your Dragon (Paramount / DreamWorks),26-Mar-10,"$217,581,231 ",2010
102,55,165,4,40,The Da Vinci Code (Sony / Columbia),19-May-06,"$217,536,399 ",2006
103,48,4,10,0,Aladdin (Disney),11-Nov-92,"$217,350,045 ",1992
104,28,80,6,20,Alvin and the Chipmunks (Fox),14-Dec-07,"$217,326,629 ",2007
105,95,27,15,11,Madagascar 3: Europe's Most Wanted (Paramount / DreamWorks),08-Jun-12,"$216,391,482 ",2012
106,88,7,18,2,Saving Private Ryan (DreamWorks),24-Jul-98,"$216,335,032 ",1998
107,147,20,28,8,Kung Fu Panda (Paramount / DreamWorks),06-Jun-08,"$215,434,591 ",2008
108,81,60,19,12,Mission: Impossible II (Paramount),24-May-00,"$215,409,290 ",2000
109,195,27,34,7,X2: X-Men United (Fox),02-May-03,"$214,949,672 ",2003
110,80,66,13,14,Dr. Seuss' The Lorax (Universal),02-Mar-12,"$214,030,500 ",2012
111,99,83,22,16,Austin Powers in Goldmember (New Line),26-Jul-02,"$213,243,496 ",2002
112,134,91,20,23,300 (Warner Bros.),09-Mar-07,"$210,614,690 ",2007
113,59,2,6,1,Back to the Future (Universal),03-Jul-85,"$210,609,043 ",1985
114,142,41,28,6,Fast Five (Universal),29-Apr-11,"$209,837,675 ",2011
115,194,13,35,1,Mission: Impossible - Ghost Protocol (Paramount),16-Dec-11,"$209,397,903 ",2011
116,137,45,30,11,Wedding Crashers (New Line),15-Jul-05,"$209,218,166 ",2005
117,161,68,22,18,Sherlock Holmes (Warner Bros.),25-Dec-09,"$209,028,670 ",2009
118,224,39,28,17,Batman Begins (Warner Bros.),15-Jun-05,"$206,852,432 ",2005
119,182,40,36,7,Charlie and the Chocolate Factory (Warner Bros.),15-Jul-05,"$206,459,266 ",2005
120,211,8,43,1,Ratatouille (Disney),29-Jun-07,"$206,445,374 ",2007
121,43,42,11,9,Austin Powers: The Spy Who Shagged Me (New Line),11-Jun-99,"$206,040,556 ",1999
122,45,1,10,1,Terminator 2: Judgment Day (TriStar),03-Jul-91,"$204,843,975 ",1991
123,45,7,7,2,The Exorcist (Warner Bros.),26-Dec-73,"$204,671,948 ",1973
124,66,73,15,19,The Mummy Returns (Universal),04-May-01,"$202,019,384 ",2001
125,32,50,3,16,Armageddon (Disney),01-Jul-98,"$201,578,020 ",1998
126,164,19,29,3,Tangled (Disney),24-Nov-10,"$200,821,936 ",2010
127,196,61,33,12,Superman Returns (Warner Bros.),28-Jun-06,"$200,081,220 ",2006
128,64,3,15,2,Gone with the Wind (MGM),15-Dec-39,"$198,676,568 ",1939
129,42,124,7,30,Pearl Harbor (Disney),25-May-01,"$198,542,513 ",2001
130,150,59,24,15,Monsters vs. Aliens (Paramount / DreamWorks),27-Mar-09,"$198,351,649 ",2009
131,120,41,31,6,Happy Feet (Warner Bros.),17-Nov-06,"$198,000,841 ",2006
132,50,6,5,2,Indiana Jones and the Last Crusade (Paramount),24-May-89,"$197,171,932 ",1989
133,71,87,11,23,Ice Age: Dawn of the Dinosaurs (Fox),01-Jul-09,"$196,573,063 ",2009
134,82,61,18,11,Ice Age: The Meltdown (Fox),31-Mar-06,"$195,330,482 ",2006
135,102,83,14,23,Madagascar (DreamWorks),27-May-05,"$193,595,331 ",2005
136,101,105,21,18,Twilight (2008) (Summit),21-Nov-08,"$192,769,480 ",2008
137,76,0,18,0,Toy Story (Disney),22-Nov-95,"$191,796,910 ",1995
138,76,123,17,20,Cars 2 (Disney),24-Jun-11,"$191,452,396 ",2011
139,75,118,14,21,Men in Black II (Sony / Columbia),03-Jul-02,"$190,418,608 ",2002
140,45,10,9,2,Grease (Paramount),16-Jun-78,"$188,389,752 ",1978
141,125,35,27,10,Gladiator (2000) (DreamWorks),05-May-00,"$187,705,497 ",2000
142,122,80,17,21,Sherlock Holmes: A Game of Shadows (Warner Bros.),16-Dec-11,"$186,848,418 ",2011
143,95,115,18,25,The Day After Tomorrow (Fox),28-May-04,"$186,740,702 ",2004
144,119,86,18,22,Mr. & Mrs. Smith (2005) (Fox),10-Jun-05,"$186,336,564 ",2005
145,39,1,6,0,Snow White and the Seven Dwarfs (Disney / RKO),21-Dec-37,"$184,925,342 ",1937
146,40,11,7,3,Dances with Wolves (Orion),09-Nov-90,"$184,208,763 ",1990
147,24,34,10,4,Batman Forever (Warner Bros.),16-Jun-95,"$184,134,515 ",1995
148,50,3,9,0,The Fugitive (1993) (Warner Bros.),06-Aug-93,"$183,875,616 ",1993
149,137,31,29,5,Ocean's Eleven (Warner Bros.),07-Dec-01,"$183,417,424 ",2001
150,176,20,34,7,The Simpsons Movie (Fox),27-Jul-07,"$183,135,831 ",2007
151,65,56,22,12,What Women Want (2000) (Paramount),15-Dec-00,"$182,811,707 ",2000
152,106,82,22,18,The Polar Express (Warner Bros.),10-Nov-04,"$182,704,446 ",2004
153,62,70,12,16,The Perfect Storm (Warner Bros.),30-Jun-00,"$182,618,117 ",2000
154,43,10,14,2,Liar Liar (Universal),21-Mar-97,"$181,410,469 ",1997
155,78,79,9,23,Jurassic Park III (Universal),18-Jul-01,"$181,171,459 ",2001
156,197,59,26,14,Thor (Paramount),06-May-11,"$181,030,624 ",2011
157,30,19,10,9,Mission: Impossible (Paramount),22-May-96,"$180,981,223 ",1996
158,70,86,10,22,Planet of the Apes (2001) (Fox),27-Jul-01,"$180,011,204 ",2001
159,96,54,18,12,Madagascar: Escape 2 Africa (Paramount / DreamWorks),07-Nov-08,"$180,010,757 ",2008
160,94,158,8,36,X-Men Origins: Wolverine (Fox),01-May-09,"$179,879,302 ",2009
161,51,9,4,3,Indiana Jones and the Temple of Doom (Paramount),23-May-84,"$179,870,426 ",1984
162,124,55,22,13,Hitch (Sony / Columbia),11-Feb-05,"$179,495,994 ",2005
163,154,67,25,10,Men in Black 3 (Sony / Columbia),25-May-12,"$179,020,854 ",2012
164,34,21,6,3,Pretty Woman (Disney),23-Mar-90,"$178,406,922 ",1990
165,70,93,13,19,Night at the Museum: Battle of the Smithsonian (Fox),22-May-09,"$177,241,680 ",2009
166,35,5,6,0,Tootsie (Columbia),17-Dec-82,"$177,200,382 ",1982
167,20,20,2,4,Top Gun (Paramount),16-May-86,"$176,786,720 ",1986
168,201,42,33,9,Rise of the Planet of the Apes (Fox),05-Aug-11,"$176,760,185 ",2011
169,172,45,31,10,Captain America: The First Avenger (Paramount),22-Jul-11,"$176,654,505 ",2011
170,133,66,22,12,The Karate Kid (2010) (Sony / Columbia),11-Jun-10,"$176,591,618 ",2010
171,68,14,19,5,There's Something About Mary (Fox),15-Jul-98,"$176,489,373 ",1998
172,126,38,25,9,Ice Age (Fox),15-Mar-02,"$176,387,755 ",2002
173,152,36,30,10,The Bourne Supremacy (Universal),23-Jul-04,"$176,241,271 ",2004
174,23,3,1,1,Crocodile Dundee (Paramount),26-Sep-86,"$174,803,471 ",1986
175,67,2,16,1,Apollo 13 (Universal),30-Jun-95,"$173,837,410 ",1995
176,6,19,2,1,Home Alone 2: Lost in New York (Fox),20-Nov-92,"$173,585,649 ",1992
177,144,27,30,9,Elf (New Line),07-Nov-03,"$173,398,832 ",2003
178,75,94,12,25,National Treasure (Disney),19-Nov-04,"$173,008,217 ",2004
179,40,11,16,3,Air Force One (Sony / Columbia),25-Jul-97,"$172,956,394 ",1997
180,50,7,2,5,Rain Man (MGM/UA),16-Dec-88,"$172,825,476 ",1988
181,115,111,11,29,TRON: Legacy (Disney),17-Dec-10,"$172,062,763 ",2010
182,112,17,19,9,The Matrix (Warner Bros.),31-Mar-99,"$171,479,060 ",1999
183,90,12,23,4,Tarzan (Disney),16-Jun-99,"$171,091,147 ",1999
184,243,10,38,2,True Grit (2010) (Paramount),22-Dec-10,"$171,050,328 ",2010
185,143,40,30,7,A Beautiful Mind (Universal),21-Dec-01,"$170,742,924 ",2001
186,185,27,36,3,Chicago (Miramax),27-Dec-02,"$170,687,336 ",2002
187,150,47,28,13,The Help (Disney / DreamWorks),10-Aug-11,"$169,708,112 ",2011
188,211,23,34,4,Bridesmaids (Universal),13-May-11,"$169,106,725 ",2011
189,107,16,26,6,Wreck-It Ralph (Disney),02-Nov-12,"$168,721,592 ",2012
190,157,87,15,28,Quantum of Solace (Sony / Columbia),14-Nov-08,"$168,365,396 ",2008
191,21,120,3,33,Wild Hogs (Disney),02-Mar-07,"$168,273,303 ",2007
192,21,7,4,1,Three Men and a Baby (Disney),25-Nov-87,"$167,780,861 ",1987
193,208,12,44,2,Casino Royale (2006) (Sony / Columbia),17-Nov-06,"$167,445,579 ",2006
194,122,24,30,7,Meet the Parents (Universal),06-Oct-00,"$166,244,845 ",2000
195,92,144,12,26,2012 (Sony / Columbia),13-Nov-09,"$166,166,781 ",2009
196,17,12,2,1,Robin Hood: Prince of Thieves (Warner Bros.),14-Jun-91,"$165,493,447 ",1991
197,132,31,24,6,Kung Fu Panda 2 (Paramount / DreamWorks),26-May-11,"$165,249,063 ",2011
198,63,100,15,23,Hannibal (MGM),09-Feb-01,"$165,092,013 ",2001
199,186,8,39,4,Catch Me If You Can (2002) (DreamWorks),25-Dec-02,"$164,615,455 ",2002
200,79,103,16,18,The Proposal (Disney),19-Jun-09,"$163,950,545 ",2009
201,113,57,27,13,The Pursuit of Happyness (Sony / Columbia),15-Dec-06,"$163,566,344 ",2006
202,37,55,7,18,Big Daddy (Sony / Columbia),25-Jun-99,"$163,479,811 ",1999
203,67,170,13,25,Clash of the Titans (2010) (Warner Bros.),02-Apr-10,"$163,214,888 ",2010
204,42,8,2,3,The Sound of Music (Fox),02-Mar-65,"$163,214,076 ",1965
205,40,11,6,3,Batman Returns (Warner Bros.),19-Jun-92,"$162,831,945 ",1992
206,77,7,18,1,A Bug's Life (Disney),20-Nov-98,"$162,798,279 ",1998
207,16,145,3,30,Grown Ups (Sony / Columbia),25-Jun-10,"$162,001,186 ",2010
208,23,50,4,13,The Waterboy (Disney),06-Nov-98,"$161,491,939 ",1998
209,48,82,9,14,Ice Age: Continental Drift (Fox),13-Jul-12,"$161,011,391 ",2012
210,113,84,16,21,Die Another Day (MGM),22-Nov-02,"$160,942,810 ",2002
211,62,112,14,21,Shark Tale (DreamWorks),01-Oct-04,"$160,861,093 ",2004
212,44,4,4,1,The Sting (Universal),25-Dec-73,"$159,616,911 ",1973
213,39,13,4,5,The Firm (Paramount),02-Jul-93,"$158,369,885 ",1993
214,51,112,15,21,The Longest Yard (2005) (Paramount),27-May-05,"$158,119,106 ",2005
215,127,28,19,13,X-Men (Fox),14-Jul-00,"$157,299,255 ",2000
216,59,52,15,14,Scary Movie (Miramax / Dimension),07-Jul-00,"$157,019,603 ",2000
217,34,9,5,2,Fatal Attraction (Paramount),18-Sep-87,"$156,645,905 ",1987
218,56,67,13,17,What Lies Beneath (DreamWorks),21-Jul-00,"$155,460,041 ",2000
219,45,37,8,10,The Mummy (Universal),07-May-99,"$155,385,085 ",1999
220,47,125,7,24,Fast & Furious (Universal),03-Apr-09,"$155,152,236 ",2009
221,98,104,24,16,Snow White and the Huntsman (Universal),01-Jun-12,"$155,136,755 ",2012
222,123,42,24,12,Over the Hedge (Paramount / DreamWorks),19-May-06,"$155,019,902 ",2006
223,54,149,10,25,Fantastic Four (Fox),08-Jul-05,"$154,696,660 ",2005
224,103,28,28,6,Dr. Seuss' Horton Hears a Who! (Fox),14-Mar-08,"$154,529,598 ",2008
225,46,1,7,1,Who Framed Roger Rabbit (Disney),22-Jun-88,"$154,112,403 ",1988
226,50,9,18,2,Jerry Maguire (Sony / TriStar),13-Dec-96,"$153,962,324 ",1996
227,11,13,0,1,Beverly Hills Cop II (Paramount),20-May-87,"$153,665,069 ",1987
228,42,100,12,18,Scooby-Doo (Warner Bros.),14-Jun-02,"$153,294,080 ",2002
229,43,9,2,3,Gremlins (Warner Bros.),08-Jun-84,"$153,083,972 ",1984
230,87,88,22,21,Sex and the City (Warner Bros. / New Line),30-May-08,"$152,647,295 ",2008
231,38,45,10,17,Runaway Bride (Paramount),30-Jul-99,"$152,257,160 ",1999
232,9,22,0,2,Rambo: First Blood Part II (TriStar),22-May-85,"$150,415,193 ",1985
233,139,59,24,16,Terminator 3: Rise of the Machines (Warner Bros.),02-Jul-03,"$150,371,148 ",2003
234,54,103,6,20,G.I. Joe: The Rise of Cobra (Paramount),07-Aug-09,"$150,201,919 ",2009
235,116,23,19,3,Puss in Boots (2011) (Paramount / DreamWorks),28-Oct-11,"$149,260,504 ",2011
236,209,22,40,3,Knocked Up (Universal),01-Jun-07,"$148,768,421 ",2007
237,65,11,19,2,As Good as It Gets (Sony / TriStar),23-Dec-97,"$148,478,260 ",1997
238,14,130,1,28,Little Fockers (Universal),22-Dec-10,"$148,438,600 ",2010
239,126,47,23,9,Megamind (Paramount / DreamWorks),05-Nov-10,"$148,415,853 ",2010
240,132,51,29,12,Talladega Nights: The Ballad of Ricky Bobby (Sony / Columbia),04-Aug-06,"$148,213,093 ",2006
241,177,45,31,12,Gran Torino (Warner Bros.),12-Dec-08,"$148,095,382 ",2008
242,30,6,5,0,Lethal Weapon 2 (Warner Bros.),07-Jul-89,"$147,307,168 ",1989
243,210,31,29,12,X-Men: First Class (Fox),03-Jun-11,"$146,408,305 ",2011
244,37,76,8,19,Paul Blart: Mall Cop (Sony / Columbia),16-Jan-09,"$146,336,624 ",2009
245,33,13,5,4,True Lies (Fox),15-Jul-94,"$146,282,462 ",1994
246,124,21,23,7,Lilo & Stitch (Disney),21-Jun-02,"$145,783,422 ",2002
247,66,60,9,24,American Pie 2 (Universal),10-Aug-01,"$145,103,924 ",2001
248,98,70,15,21,Taken (Fox),30-Jan-09,"$145,000,403 ",2009
249,36,1,5,0,101 Dalmatians (1961) (Disney),25-Jan-61,"$144,880,212 ",1961
250,32,8,4,2,The Santa Clause (Disney),11-Nov-94,"$144,833,975 ",1994
251,113,81,18,19,"I, Robot (Fox)",16-Jul-04,"$144,795,113 ",2004
252,24,19,3,6,Lethal Weapon 3 (Warner Bros.),15-May-92,"$144,731,292 ",1992
253,76,69,21,13,The Fast and the Furious (Universal),22-Jun-01,"$144,533,907 ",2001
254,22,28,4,4,Doctor Dolittle (1998) (Fox),26-Jun-98,"$144,156,756 ",1998
255,96,81,17,23,Mamma Mia! (Universal),18-Jul-08,"$144,130,725 ",2008
256,58,76,10,16,Hotel Transylvania (Sony / Columbia),28-Sep-12,"$143,923,820 ",2012
257,102,40,18,8,Rio (2011) (Fox),15-Apr-11,"$143,619,809 ",2011
258,194,12,38,0,Juno (Fox Searchlight),05-Dec-07,"$143,495,248 ",2007
259,85,50,18,16,Marley & Me (Fox),25-Dec-08,"$143,153,015 ",2008
260,26,87,5,16,The Smurfs (Sony / Columbia),29-Jul-11,"$142,614,158 ",2011
261,86,92,12,21,XXX (Sony / Columbia),09-Aug-02,"$142,109,000 ",2002
262,125,62,24,15,The Chronicles of Narnia: Prince Caspian (Disney),16-May-08,"$141,621,918 ",2008
263,38,4,4,1,National Lampoon's Animal House (Universal),28-Jul-78,"$141,600,129 ",1978
264,29,23,10,4,Pocahontas (Disney),16-Jun-95,"$141,579,941 ",1995
265,35,8,8,1,A Few Good Men (Columbia),11-Dec-92,"$141,340,483 ",1992
266,212,14,38,2,Slumdog Millionaire (Fox Searchlight),12-Nov-08,"$141,319,441 ",2008
267,40,26,7,8,Rush Hour (New Line),18-Sep-98,"$141,186,224 ",1998
268,118,18,28,3,The Blair Witch Project (Artisan),14-Jul-99,"$140,539,251 ",1999
269,24,27,2,4,Deep Impact (Paramount),08-May-98,"$140,464,310 ",1998
270,30,127,7,24,Rush Hour 3 (New Line),10-Aug-07,"$140,125,005 ",2007
271,19,14,2,5,Look Who's Talking (TriStar),13-Oct-89,"$140,088,166 ",1989
272,64,33,17,13,Stuart Little (Sony / Columbia),17-Dec-99,"$140,035,011 ",1999
273,30,9,0,3,The Rocky Horror Picture Show (Fox),26-Sep-75,"$139,876,106 ",1975
274,15,6,2,1,Sister Act (Disney),29-May-92,"$139,605,188 ",1992
275,74,133,10,28,The Matrix Revolutions (Warner Bros.),05-Nov-03,"$139,313,424 ",2003
276,62,51,14,15,The Santa Clause 2 (Disney),01-Nov-02,"$139,236,262 ",2002
277,207,12,36,1,The King's Speech (Weinstein Company),26-Nov-10,"$138,797,449 ",2010
278,26,87,10,21,Cheaper by the Dozen (Fox),25-Dec-03,"$138,614,076 ",2003
279,37,125,6,34,Bad Boys II (Sony / Columbia),18-Jul-03,"$138,608,489 ",2003
280,39,6,7,3,Platoon (Orion),19-Dec-86,"$138,530,553 ",1986
281,174,31,33,5,21 Jump Street (Sony / Columbia),16-Mar-12,"$138,447,667 ",2012
282,67,2,16,0,Good Will Hunting (Miramax),05-Dec-97,"$138,433,880 ",1997
283,63,4,15,2,Star Wars: Special Edition (Fox),31-Jan-97,"$138,257,865 ",1997
284,33,123,8,22,Taken 2 (Fox),05-Oct-12,"$138,132,493 ",2012
285,100,86,17,16,Disney's A Christmas Carol (Disney),06-Nov-09,"$137,785,051 ",2009
286,79,43,20,11,Dinosaur (Disney),19-May-00,"$137,748,601 ",2000
287,54,112,11,26,Click (Sony / Columbia),23-Jun-06,"$137,355,347 ",2006
288,105,27,24,9,The Green Mile (Warner Bros.),10-Dec-99,"$136,801,509 ",1999
289,24,9,5,3,Ransom (Disney),08-Nov-96,"$136,492,894 ",1996
290,16,46,4,6,Godzilla (1998) (Sony / TriStar),20-May-98,"$136,314,861 ",1998
291,13,20,1,5,101 Dalmatians (1996) (Disney),27-Nov-96,"$136,189,436 ",1996
292,82,107,18,22,Anger Management (Sony / Columbia),11-Apr-03,"$135,645,721 ",2003
293,25,4,1,1,The Jungle Book (1967) (Disney),18-Oct-67,"$135,475,744 ",1967
294,58,101,9,26,Chicken Little (Disney),04-Nov-05,"$135,386,342 ",2005
295,17,22,4,3,Teenage Mutant Ninja Turtles (1990) (New Line),30-Mar-90,"$135,265,256 ",1990
296,13,43,4,13,Patch Adams (Universal),25-Dec-98,"$135,026,722 ",1998
297,76,0,14,0,The Godfather (Paramount),15-Mar-72,"$134,966,044 ",1972
298,147,72,22,18,The Incredible Hulk (Universal),13-Jun-08,"$134,806,396 ",2008
299,167,38,33,8,Live Free or Die Hard (Fox),27-Jun-07,"$134,529,431 ",2007
300,142,59,29,12,Wanted (2008) (Universal),27-Jun-08,"$134,508,730 ",2008
301,33,16,10,6,The Rock (Disney),07-Jun-96,"$134,069,199 ",1996
302,154,65,28,16,Mission: Impossible III (Paramount),05-May-06,"$134,029,548 ",2006
303,92,156,14,29,Angels & Demons (Sony / Columbia),15-May-09,"$133,378,559 ",2009
304,121,101,28,16,Troy (Warner Bros.),14-May-04,"$133,378,121 ",2004
305,9,63,2,17,Alvin and the Chipmunks: Chipwrecked (Fox),16-Dec-11,"$133,110,742 ",2011
306,50,97,12,21,Bringing Down the House (Disney),07-Mar-03,"$132,716,668 ",2003
307,212,17,43,3,The Departed (Warner Bros.),06-Oct-06,"$132,384,480 ",2006
308,141,87,23,20,Hulk (Universal),20-Jun-03,"$132,175,930 ",2003
309,38,2,5,0,Close Encounters of the Third Kind (Columbia),16-Nov-77,"$132,088,195 ",1977
310,207,19,35,4,Minority Report (Fox),21-Jun-02,"$132,072,987 ",2002
311,62,105,12,24,Fantastic Four: Rise of the Silver Surfer (Fox),15-Jun-07,"$131,921,992 ",2007
312,11,165,2,31,The Last Airbender (Paramount),01-Jul-10,"$131,601,062 ",2010
313,29,126,7,29,"Lara Croft, Tomb Raider (Paramount)",15-Jun-01,"$131,168,071 ",2001
314,52,2,10,1,The Silence of the Lambs (Orion),14-Feb-91,"$130,742,537 ",1991
315,23,8,3,1,"Honey, I Shrunk the Kids (Disney)",23-Jun-89,"$130,724,390 ",1989
316,9,32,2,5,The Flintstones (Universal),27-May-94,"$130,560,663 ",1994
317,34,32,6,7,Lethal Weapon 4 (Warner Bros.),10-Jul-98,"$130,444,242 ",1998
318,108,104,21,19,Get Smart (Warner Bros.),20-Jun-08,"$130,319,504 ",2008
319,167,43,34,10,American Gangster (Universal),02-Nov-07,"$130,164,472 ",2007
320,135,18,30,3,American Beauty (DreamWorks),15-Sep-99,"$130,096,097 ",1999
321,16,1,1,0,An Officer and a Gentleman (Paramount),28-Jul-82,"$129,795,263 ",1982
322,128,52,20,16,The Ring (DreamWorks),18-Oct-02,"$129,128,681 ",2002
323,35,19,14,2,The Nutty Professor (1996) (Universal),28-Jun-96,"$128,814,458 ",1996
324,193,18,42,1,Borat: Cultural Learnings of America for Make Benefit Glorious Nation of Kazakhstan (Fox),03-Nov-06,"$128,505,664 ",2006
325,113,64,25,11,Robots (Fox),11-Mar-05,"$128,200,217 ",2005
326,25,12,0,5,Coming to America (Paramount),29-Jun-88,"$128,152,468 ",1988
327,143,4,33,1,"Crouching Tiger, Hidden Dragon (Sony Pictures Classics)",08-Dec-00,"$128,078,605 ",2000
328,166,76,24,16,Shutter Island (Paramount),19-Feb-10,"$128,012,934 ",2010
329,15,19,0,4,Rocky IV (MGM/UA),27-Nov-85,"$127,873,963 ",1985
330,153,11,33,3,Enchanted (Disney),21-Nov-07,"$127,807,274 ",2007
331,168,64,29,10,The Curious Case of Benjamin Button (Paramount),25-Dec-08,"$127,509,575 ",2008
332,58,98,13,21,Sweet Home Alabama (Disney),27-Sep-02,"$127,223,533 ",2002
333,29,17,4,6,Dumb and Dumber (New Line),16-Dec-94,"$127,175,036 ",1994
334,56,99,13,21,2 Fast 2 Furious (Universal),06-Jun-03,"$127,154,156 ",2003
335,40,16,10,7,My Best Friend's Wedding (Sony / TriStar),20-Jun-97,"$127,120,017 ",1997
336,216,46,33,9,Super 8 (Paramount),09-Jun-11,"$127,004,179 ",2011
337,61,59,17,12,The World Is Not Enough (MGM),19-Nov-99,"$126,943,347 ",1999
338,20,5,0,1,Smokey and the Bandit (Universal),27-May-77,"$126,737,978 ",1977
339,32,13,6,5,Sleepless in Seattle (TriStar),25-Jun-93,"$126,680,160 ",1993
340,86,83,19,20,Bee Movie (Paramount / DreamWorks),02-Nov-07,"$126,631,177 ",2007
341,193,69,30,12,Prometheus (Fox),08-Jun-12,"$126,477,084 ",2012
342,34,121,6,26,Mr. Deeds (Sony / Columbia),28-Jun-02,"$126,293,861 ",2002
343,94,82,18,14,Safe House (Universal),10-Feb-12,"$126,181,630 ",2012
344,94,5,18,2,The Truman Show (Paramount),05-Jun-98,"$125,618,228 ",1998
345,119,23,31,4,Erin Brockovich (Universal),17-Mar-00,"$125,595,540 ",2000
346,98,78,23,16,Ocean's Twelve (Warner Bros.),10-Dec-04,"$125,544,296 ",2004
347,88,180,13,27,Terminator Salvation (Warner Bros.),21-May-09,"$125,322,732 ",2009
348,95,46,22,13,Charlie's Angels (Sony / Columbia),03-Nov-00,"$125,305,200 ",2000
349,36,27,5,9,Tomorrow Never Dies (MGM/UA),19-Dec-97,"$125,304,959 ",1997
350,18,12,1,1,Rocky III (MGM/UA),28-May-82,"$125,049,038 ",1982
351,36,88,7,21,The Vow (Sony / Screen Gems),10-Feb-12,"$125,014,030 ",2012
352,117,19,15,7,Cloudy with a Chance of Meatballs (Sony / Columbia),18-Sep-09,"$124,869,468 ",2009
353,140,45,36,8,The Devil Wears Prada (Fox),30-Jun-06,"$124,740,659 ",2006
354,116,48,30,10,Something's Gotta Give (Sony / Columbia),12-Dec-03,"$124,728,615 ",2003
355,143,13,37,3,Traffic (USA Films),27-Dec-00,"$124,115,702 ",2000
356,33,10,10,1,The Birdcage (MGM/UA),08-Mar-96,"$124,060,456 ",1996
357,27,3,3,0,City Slickers (Columbia),07-Jun-91,"$124,033,055 ",1991
358,33,4,3,1,"Good Morning, Vietnam (Disney)",23-Dec-87,"$123,922,029 ",1987
359,22,63,8,14,Nutty Professor II: The Klumps (Universal),28-Jul-00,"$123,309,442 ",2000
360,184,26,30,5,Rango (Paramount),04-Mar-11,"$123,257,581 ",2011
361,31,7,7,2,Clear and Present Danger (Paramount),03-Aug-94,"$122,187,590 ",1994
362,42,2,4,1,The Hunt for Red October (Paramount),02-Mar-90,"$122,012,815 ",1990
363,11,23,1,5,The Bodyguard (Warner Bros.),25-Nov-92,"$121,945,613 ",1992
364,39,7,5,2,Wayne's World (Paramount),14-Feb-92,"$121,697,730 ",1992
365,153,31,30,8,The Bourne Identity (Universal),14-Jun-02,"$121,661,607 ",2002
366,181,25,37,6,Superbad (Sony / Columbia),17-Aug-07,"$121,463,956 ",2007
367,38,4,7,2,Speed (Fox),10-Jun-94,"$121,250,167 ",1994
368,76,96,18,21,50 First Dates (Sony / Columbia),13-Feb-04,"$120,908,340 ",2004
369,62,10,10,4,Mulan (Disney),19-Jun-98,"$120,620,823 ",1998
370,235,31,33,11,Inglourious Basterds (Weinstein Company),21-Aug-09,"$120,540,835 ",2009
371,154,45,36,9,Seabiscuit (Universal),25-Jul-03,"$120,277,109 ",2003
372,47,161,7,32,Van Helsing (Universal),07-May-04,"$120,150,620 ",2004
373,36,107,5,23,Four Christmases (Warner Bros. / New Line),26-Nov-08,"$120,146,737 ",2008
374,22,134,5,31,I Now Pronounce You Chuck and Larry (Universal),20-Jul-07,"$120,059,537 ",2007
375,33,11,5,4,The Mask (New Line),29-Jul-94,"$119,938,168 ",1994
376,11,27,3,4,Hook (TriStar),11-Dec-91,"$119,654,006 ",1991
377,167,36,32,10,Walk the Line (Fox),18-Nov-05,"$119,519,615 ",2005
378,41,5,4,1,Blazing Saddles (Warner Bros.),07-Feb-74,"$119,500,420 ",1974
379,25,95,3,20,G-Force (Disney),24-Jul-09,"$119,420,515 ",2009
380,43,8,7,2,Total Recall (1990) (TriStar),01-Jun-90,"$119,394,451 ",1990
381,21,2,4,1,On Golden Pond (Universal),04-Dec-81,"$119,285,747 ",1981
382,151,42,26,7,The Other Guys (Sony / Columbia),06-Aug-10,"$119,219,978 ",2010
383,189,38,38,8,Fahrenheit 9/11 (Lionsgate),23-Jun-04,"$119,194,688 ",2004
384,99,69,17,19,The Sum of All Fears (Paramount),31-May-02,"$118,907,992 ",2002
385,194,19,43,1,Hairspray (2007) (New Line),20-Jul-07,"$118,871,811 ",2007
386,63,125,8,34,The Break-Up (Universal),02-Jun-06,"$118,806,665 ",2006
387,113,45,21,13,Lemony Snicket's A Series of Unfortunate Events (Paramount),17-Dec-04,"$118,634,891 ",2004
388,128,56,28,14,Blades of Glory (Paramount / DreamWorks),30-Mar-07,"$118,594,798 ",2007
389,27,15,2,4,Back to the Future Part II (Universal),22-Nov-89,"$118,450,207 ",1989
390,142,87,23,16,Salt (Sony / Columbia),23-Jul-10,"$118,311,368 ",2010
391,29,16,7,4,Basic Instinct (TriStar),20-Mar-92,"$117,727,662 ",1992
392,24,57,9,17,Big Momma's House (Fox),02-Jun-00,"$117,559,119 ",2000
393,30,16,5,3,Die Hard 2: Die Harder (Fox),04-Jul-90,"$117,540,159 ",1990
394,138,62,23,17,Horrible Bosses (Warner Bros. / New Line),08-Jul-11,"$117,538,559 ",2011
395,42,4,4,2,Rocky (United Artists),21-Nov-76,"$117,235,327 ",1976
396,66,38,7,13,Jackass 3D (Paramount),15-Oct-10,"$117,229,692 ",2010
397,137,59,27,18,Ocean's Thirteen (Warner Bros.),08-Jun-07,"$117,154,265 ",2007
398,78,85,15,25,S.W.A.T. (Sony / Columbia),08-Aug-03,"$116,934,901 ",2003
399,146,47,35,6,8 Mile (Universal),08-Nov-02,"$116,750,188 ",2002
400,21,63,4,18,Double Jeopardy (Paramount),24-Sep-99,"$116,741,272 ",1999
401,58,163,7,32,Green Lantern (Warner Bros.),17-Jun-11,"$116,601,172 ",2011
402,81,17,21,7,Notting Hill (Universal),28-May-99,"$116,089,296 ",1999
403,57,26,16,5,You've Got Mail (Warner Bros.),18-Dec-98,"$115,821,207 ",1998
404,36,99,7,15,Ghost Rider (Sony / Columbia),16-Feb-07,"$115,802,007 ",2007
405,96,36,21,12,Remember the Titans (Disney),29-Sep-00,"$115,654,030 ",2000
406,234,23,36,4,District 9 (Sony / TriStar),14-Aug-09,"$115,649,263 ",2009
407,9,13,0,0,The Karate Kid Part II (Columbia),20-Jun-86,"$115,103,443 ",1986
408,36,1,4,0,American Graffiti (Universal),01-Aug-73,"$115,000,796 ",1973
409,53,2,4,1,Big (Fox),03-Jun-88,"$114,968,482 ",1988
410,112,48,23,14,DodgeBall: A True Underdog Story (Fox),18-Jun-04,"$114,326,303 ",2004
411,88,116,19,22,The Village (Disney),30-Jul-04,"$114,197,961 ",2004
412,157,21,25,7,Bolt (Disney),21-Nov-08,"$114,051,154 ",2008
413,22,82,4,21,Wild Wild West (Warner Bros.),30-Jun-99,"$113,805,311 ",1999
414,148,38,34,3,Magic Mike (Warner Bros.),29-Jun-12,"$113,721,571 ",2012
415,24,16,1,6,The Addams Family (Paramount),22-Nov-91,"$113,502,255 ",1991
416,82,50,14,16,The Patriot (Sony / Columbia),28-Jun-00,"$113,330,349 ",2000
417,117,92,21,17,The Bourne Legacy (Universal),10-Aug-12,"$113,203,870 ",2012
418,26,102,5,28,The Pacifier (Disney),04-Mar-05,"$113,086,910 ",2005
419,44,62,14,18,Dr. Dolittle 2 (Fox),22-Jun-01,"$112,952,427 ",2001
420,95,75,22,14,It's Complicated (Universal),25-Dec-09,"$112,735,395 ",2009
421,117,9,26,1,Spy Kids (Miramax / Dimension),30-Mar-01,"$112,719,821 ",2001
422,18,17,3,2,Ghostbusters II (Columbia),16-Jun-89,"$112,494,410 ",1989
423,59,4,16,0,Face/Off (Paramount),27-Jun-97,"$112,276,698 ",1997
424,49,2,5,2,One Flew Over the Cuckoo's Nest (United Artists),20-Nov-75,"$112,000,194 ",1975
425,10,18,3,1,Twins (Universal),09-Dec-88,"$111,936,710 ",1988
426,62,75,12,19,Spy Kids 3D: Game Over (Miramax / Dimension),25-Jul-03,"$111,761,923 ",2003
427,28,5,3,2,Doctor Zhivago (MGM),22-Dec-65,"$111,721,461 ",1965
428,59,24,13,8,Enemy of the State (Disney),16-Nov-98,"$111,549,331 ",1998
429,47,5,6,1,The Little Mermaid (Disney),15-Nov-89,"$111,543,565 ",1989
430,7,15,0,1,Porky's (Fox),19-Mar-82,"$111,289,698 ",1982
431,139,75,23,19,The Last Samurai (Warner Bros.),05-Dec-03,"$111,127,463 ",2003
432,189,39,34,8,Tropic Thunder (Paramount / DreamWorks),13-Aug-08,"$110,515,566 ",2008
433,33,150,5,31,Valentine's Day (Warner Bros. / New Line),12-Feb-10,"$110,486,000 ",2010
434,62,93,9,25,The Grudge (Sony / Columbia),22-Oct-04,"$110,359,889 ",2004
435,38,94,9,23,Fun with Dick and Jane (2005) (Sony / Columbia),21-Dec-05,"$110,332,851 ",2005
436,129,18,31,5,Freaky Friday (2003) (Disney),06-Aug-03,"$110,230,337 ",2003
437,27,80,6,20,Bedtime Stories (Disney),25-Dec-08,"$110,103,441 ",2008
438,46,81,11,19,Scary Movie 3 (Miramax / Dimension),24-Oct-03,"$110,003,249 ",2003
439,32,6,5,2,Star Trek IV: The Voyage Home (Paramount),26-Nov-86,"$109,713,330 ",1986
440,154,26,32,5,The 40-Year-Old Virgin (Universal),19-Aug-05,"$109,449,551 ",2005
441,3,23,0,4,Crocodile Dundee II (Paramount),25-May-88,"$109,306,488 ",1988
442,18,137,4,26,Couples Retreat (Universal),09-Oct-09,"$109,205,246 ",2009
443,34,17,8,5,A Time to Kill (Warner Bros.),24-Jul-96,"$108,766,173 ",1996
444,129,41,28,11,Black Hawk Down (Sony / Columbia),28-Dec-01,"$108,638,655 ",2001
445,32,4,4,1,Terms of Endearment (Paramount),23-Nov-83,"$108,423,643 ",1983
446,8,16,1,2,Ace Ventura: When Nature Calls (Warner Bros.),10-Nov-95,"$108,385,989 ",1995
447,53,60,13,16,The Princess Diaries (Disney),03-Aug-01,"$108,248,940 ",2001
448,37,5,5,0,Superman II (Warner Bros.),19-Jun-81,"$108,185,706 ",1981
449,34,98,6,15,HOP (Universal),01-Apr-11,"$108,085,305 ",2011
450,55,3,15,1,Pulp Fiction (Miramax),14-Oct-94,"$107,966,964 ",1994
451,155,33,24,2,Paranormal Activity (Paramount),25-Sep-09,"$107,918,259 ",2009
452,164,17,41,2,Lincoln (Disney / DreamWorks),09-Nov-12,"$107,687,319 ",2012
453,37,8,6,3,A League of Their Own (Sony / Columbia),01-Jul-92,"$107,533,754 ",1992
454,185,103,21,26,Watchmen (Warner Bros.),06-Mar-09,"$107,509,220 ",2009
455,8,58,3,13,Batman and Robin (Warner Bros.),20-Jun-97,"$107,325,044 ",1997
456,20,6,3,1,The Towering Inferno (Fox),14-Dec-74,"$107,082,379 ",1974
457,233,34,36,6,Black Swan (Fox Searchlight),03-Dec-10,"$106,954,678 ",2010
458,69,32,14,8,Analyze This (Warner Bros.),05-Mar-99,"$106,885,341 ",1999
459,136,5,31,0,Chicken Run (DreamWorks),21-Jun-00,"$106,834,223 ",2000
460,48,67,8,20,Miss Congeniality (Warner Bros.),22-Dec-00,"$106,807,088 ",2000
461,40,9,9,5,GoldenEye (MGM/UA),17-Nov-95,"$106,635,441 ",1995
462,13,23,1,3,Indecent Proposal (Paramount),07-Apr-93,"$106,633,417 ",1993
463,34,9,8,0,Driving Miss Daisy (Warner Bros.),13-Dec-89,"$106,593,124 ",1989
464,13,10,4,0,Love Story (Paramount),16-Dec-70,"$106,397,305 ",1970
465,30,4,5,1,Kramer Vs. Kramer (Columbia),19-Dec-79,"$106,260,774 ",1979
466,129,49,33,8,The Italian Job (Paramount),30-May-03,"$106,128,873 ",2003
467,62,85,12,23,How to Lose a Guy in 10 Days (Paramount),07-Feb-03,"$105,813,213 ",2003
468,13,20,2,6,The First Wives Club (Paramount),20-Sep-96,"$105,490,552 ",1996
469,103,133,15,23,Robin Hood (Universal),14-May-10,"$105,269,730 ",2010
470,29,19,4,6,Interview with the Vampire (Warner Bros.),11-Nov-94,"$105,264,558 ",1994
471,29,23,11,4,George of the Jungle (Disney),16-Jul-97,"$105,263,112 ",1997
472,232,11,41,2,Argo (Warner Bros.),12-Oct-12,"$104,955,079 ",2012
473,42,6,5,2,The Graduate (AVCO Embassy),21-Dec-67,"$104,901,861 ",1967
474,17,17,1,5,Phenomenon (Disney),03-Jul-96,"$104,636,771 ",1996
475,84,68,15,20,American Wedding (Universal),01-Aug-03,"$104,565,856 ",2003
476,170,37,30,8,Road to Perdition (DreamWorks),12-Jul-02,"$104,454,531 ",2002
477,135,26,27,7,The Princess and the Frog (Disney),25-Nov-09,"$104,408,885 ",2009
478,76,80,14,15,The Chronicles of Narnia: The Voyage of the Dawn Treader (Fox),10-Dec-10,"$104,386,950 ",2010
479,35,90,9,26,Daddy Day Care (Sony / Columbia),09-May-03,"$104,297,626 ",2003
480,76,36,12,8,Paranormal Activity 3 (Paramount),21-Oct-11,"$104,028,807 ",2011
481,29,16,3,5,Dick Tracy (Disney),15-Jun-90,"$103,928,898 ",1990
482,51,74,7,19,Journey 2: The Mysterious Island (Warner Bros. / New Line),10-Feb-12,"$103,860,290 ",2012
483,156,44,40,6,Dreamgirls (Paramount / DreamWorks),15-Dec-06,"$103,365,783 ",2006
484,23,5,2,1,9 to 5 (Fox),19-Dec-80,"$103,290,458 ",1980
485,80,115,10,22,The Expendables (Lionsgate),13-Aug-10,"$103,068,524 ",2010
486,49,10,12,4,Scream (Miramax / Dimension),20-Dec-96,"$103,046,577 ",1996
487,25,107,8,24,Just Go With It (Sony / Columbia),11-Feb-11,"$103,028,109 ",2011
488,41,4,4,0,Bambi (Disney / RKO),13-Aug-42,"$102,797,843 ",1942
489,20,68,4,20,The General's Daughter (Paramount),18-Jun-99,"$102,705,012 ",1999
490,186,27,37,8,The Aviator (2004) (Miramax),17-Dec-04,"$102,610,027 ",2004
491,74,48,14,12,American Pie (Universal),09-Jul-99,"$102,561,837 ",1999
492,96,117,9,27,Daredevil (Fox),14-Feb-03,"$102,543,261 ",2003
493,188,30,34,9,The Girl with the Dragon Tattoo (2011) (Sony / Columbia),20-Dec-11,"$102,515,793 ",2011
494,22,146,3,32,The Mummy: Tomb of the Dragon Emperor (Universal),01-Aug-08,"$102,491,956 ",2008
495,41,2,6,1,In the Line of Fire (Columbia),09-Jul-93,"$102,314,245 ",1993
496,40,5,3,3,Butch Cassidy and the Sundance Kid (Fox),23-Sep-69,"$102,308,525 ",1969
497,39,0,3,0,Mary Poppins (Disney),29-Aug-64,"$102,272,145 ",1964
498,94,61,24,9,Journey to the Center of the Earth (Warner Bros. / New Line),11-Jul-08,"$101,704,710 ",2008
499,33,101,8,28,Gone in 60 Seconds (Disney),09-Jun-00,"$101,648,004 ",2000
500,28,10,7,0,Maverick (Warner Bros.),20-May-94,"$101,641,292 ",1994
501,7,25,1,7,Sleeping with the Enemy (Fox),08-Feb-91,"$101,599,971 ",1991
502,47,132,8,25,Eagle Eye (Paramount / DreamWorks),26-Sep-08,"$101,440,408 ",2008
503,66,18,18,7,The Prince of Egypt (DreamWorks),18-Dec-98,"$101,413,697 ",1998
504,59,14,17,1,Scream 2 (Miramax / Dimension),12-Dec-97,"$101,363,250 ",1997
505,10,5,0,1,Stir Crazy (Columbia),12-Dec-80,"$101,300,186 ",1980
506,16,29,5,7,Eraser (Warner Bros.),21-Jun-96,"$101,295,479 ",1996
507,58,2,9,2,Unforgiven (Warner Bros.),07-Aug-92,"$101,157,573 ",1992
508,16,134,5,33,Dr. Seuss' The Cat in the Hat (Universal),21-Nov-03,"$101,149,243 ",2003
509,34,28,3,9,Con Air (Disney),06-Jun-97,"$101,117,443 ",1997
510,85,41,20,10,Sleepy Hollow (Paramount),19-Nov-99,"$101,071,535 ",1999
511,194,31,37,8,Collateral (DreamWorks),06-Aug-04,"$101,005,089 ",2004
512,39,23,8,10,Contact (Warner Bros.),11-Jul-97,"$100,920,014 ",1997
513,76,99,17,22,Charlie's Angels: Full Throttle (Sony / Columbia),27-Jun-03,"$100,830,600 ",2003
514,25,23,3,4,The Pelican Brief (Warner Bros.),17-Dec-93,"$100,768,871 ",1993
515,66,97,9,25,Vanilla Sky (Paramount),14-Dec-01,"$100,618,362 ",2001
516,72,110,14,20,Due Date (Warner Bros.),05-Nov-10,"$100,539,043 ",2010
517,29,20,8,4,The Rugrats Movie (Paramount),20-Nov-98,"$100,494,124 ",1998
518,206,19,39,2,Million Dollar Baby (Warner Bros.),15-Dec-04,"$100,492,507 ",2004
519,12,3,0,1,Airport (Universal),05-Mar-70,"$100,489,626 ",1970
520,16,16,2,4,Jumanji (Sony / TriStar),15-Dec-95,"$100,475,644 ",1995
521,99,81,17,19,Step Brothers (Sony / Columbia),25-Jul-08,"$100,468,110 ",2008
522,45,148,4,37,Evan Almighty (Universal),22-Jun-07,"$100,462,174 ",2007
523,16,20,3,7,Casper (Universal),26-May-95,"$100,328,606 ",1995
524,95,7,23,2,Shakespeare in Love (Miramax),11-Dec-98,"$100,317,300 ",1998
525,76,96,10,26,Bad Teacher (Sony / Columbia),24-Jun-11,"$100,292,856 ",2011
526,13,85,3,14,Yogi Bear (Warner Bros.),17-Dec-10,"$100,246,011 ",2010
527,103,130,20,20,Cowboys & Aliens (Universal),29-Jul-11,"$100,240,551 ",2011
528,46,8,11,6,Seven (New Line),22-Sep-95,"$100,192,215 ",1995
529,36,13,9,6,The Hunchback of Notre Dame (Disney),21-Jun-96,"$100,138,341 ",1996
530,37,3,7,0,Parenthood (Universal),02-Aug-89,"$100,047,300 ",1989
531,67,116,15,23,You Don't Mess with the Zohan (Sony / Columbia),06-Jun-08,"$100,018,509 ",2008
532,23,22,6,5,Die Hard: With A Vengeance (Fox),19-May-95,"$100,012,089 ",1995
533,3,9,1,0,Hope Springs (2003) (Buena Vista),05-Sep-03,"$100,000,000 ",2003
534,65,52,13,11,Gnomeo and Juliet (Disney),11-Feb-11,"$99,967,670 ",2011
535,41,8,10,3,Hercules (1997) (Disney),15-Jun-97,"$99,112,451 ",1997
536,99,126,9,30,The Green Hornet (Sony / Columbia),14-Jan-11,"$98,780,042 ",2011
537,146,72,26,11,Date Night (Fox),09-Apr-10,"$98,711,404 ",2010
538,23,3,1,0,The Color Purple (Warner Bros.),20-Dec-85,"$98,467,390 ",1985
539,90,46,19,13,Meet the Robinsons (Disney),30-Mar-07,"$97,822,001 ",2007
540,69,83,13,19,Yes Man (Warner Bros.),19-Dec-08,"$97,690,540 ",2008
541,13,49,4,17,Inspector Gadget (Disney),23-Jul-99,"$97,404,796 ",1999
542,174,84,27,16,Public Enemies (Universal),01-Jul-09,"$97,104,669 ",2009
543,269,11,46,0,The Social Network (Sony / Columbia),01-Oct-10,"$96,962,694 ",2010
544,123,24,22,12,The Others (Miramax),10-Aug-01,"$96,522,181 ",2001
545,94,44,20,13,Legally Blonde (MGM),13-Jul-01,"$96,520,568 ",2001
546,138,42,25,10,Panic Room (Sony / Columbia),29-Mar-02,"$96,397,271 ",2002
547,58,2,10,0,Schindler's List (Universal),15-Dec-93,"$96,065,548 ",1993
548,45,8,4,3,Dead Poets Society (Disney),02-Jun-89,"$95,860,927 ",1989
549,11,112,2,28,Norbit (Paramount / DreamWorks),09-Feb-07,"$95,673,892 ",2007
550,158,65,38,5,Cold Mountain (Miramax),25-Dec-03,"$95,636,667 ",2003
551,27,3,4,1,Arthur (1981) (Orion),17-Jul-81,"$95,461,724 ",1981
552,13,23,2,7,Michael (1996) (New Line),25-Dec-96,"$95,365,052 ",1996
553,30,168,3,33,Sex and the City 2 (Warner Bros. / New Line),27-May-10,"$95,347,692 ",2010
554,30,84,10,18,The Princess Diaries 2: Royal Engagement (Disney),11-Aug-04,"$95,170,184 ",2004
555,108,51,19,15,Unbreakable (Disney),22-Nov-00,"$95,011,031 ",2000
556,92,99,16,20,The Book of Eli (Warner Bros.),15-Jan-10,"$94,835,000 ",2010
557,12,132,3,27,"10,000 B.C. (Warner Bros.)",07-Mar-08,"$94,784,291 ",2008
558,39,57,9,10,Beverly Hills Chihuahua (Disney),03-Oct-08,"$94,516,544 ",2008
559,84,10,14,1,The Lion King 3D (Disney),16-Sep-11,"$94,242,001 ",2011
560,159,53,35,11,Julie & Julia (Sony / Columbia),07-Aug-09,"$94,237,229 ",2009
561,35,4,3,1,Saturday Night Fever (Paramount),16-Dec-77,"$94,213,584 ",1977
562,56,12,11,3,The Mask of Zorro (Sony / TriStar),17-Jul-98,"$94,095,106 ",1998
563,57,88,10,23,Maid in Manhattan (Sony / Columbia),13-Dec-02,"$94,011,090 ",2002
564,65,92,12,27,He's Just Not That Into You (Warner Bros. / New Line),06-Feb-09,"$93,953,147 ",2009
565,175,32,39,3,Master and Commander: The Far Side of the World (Fox),14-Nov-03,"$93,927,903 ",2003
566,209,22,32,6,The Fighter (Paramount),10-Dec-10,"$93,617,009 ",2010
567,45,98,7,31,America's Sweethearts (Sony / Columbia),20-Jul-01,"$93,607,436 ",2001
568,68,100,9,28,The Bucket List (Warner Bros.),25-Dec-07,"$93,466,104 ",2007
569,62,53,12,19,Cats & Dogs (Warner Bros.),04-Jul-01,"$93,385,991 ",2001
570,50,70,10,21,Two Weeks Notice (Warner Bros.),20-Dec-02,"$93,354,363 ",2002
571,126,58,20,16,Red Dragon (Universal),04-Oct-02,"$93,149,728 ",2002
572,7,24,2,5,Flubber (Disney),26-Nov-97,"$92,993,178 ",1997
573,10,25,1,4,Flashdance (Paramount),15-Apr-83,"$92,921,550 ",1983
574,43,4,6,2,When Harry Met Sally... (Columbia),12-Jul-89,"$92,823,951 ",1989
575,198,13,35,3,The Town (Warner Bros.),17-Sep-10,"$92,186,262 ",2010
576,28,7,5,2,The Client (Warner Bros.),20-Jul-94,"$92,115,614 ",1994
577,48,4,12,1,Star Trek: First Contact (Paramount),22-Nov-96,"$92,027,176 ",1996
578,51,44,15,13,Think Like a Man (Sony / Screen Gems),20-Apr-12,"$91,547,205 ",2012
579,17,17,3,4,Kindergarten Cop (Universal),21-Dec-90,"$91,457,397 ",1990
580,15,74,3,21,The Haunting (DreamWorks),23-Jul-99,"$91,411,066 ",1999
581,40,6,10,1,Crimson Tide (Disney),12-May-95,"$91,387,359 ",1995
582,21,2,3,0,Back to School (Orion),13-Jun-86,"$91,258,863 ",1986
583,24,31,8,9,Stepmom (Sony / TriStar),25-Dec-98,"$91,137,264 ",1998
584,51,46,18,13,Save the Last Dance (Paramount),12-Jan-01,"$91,057,291 ",2001
585,54,79,8,20,The Scorpion King (Universal),19-Apr-02,"$91,047,236 ",2002
586,38,4,4,1,The Karate Kid (1984) (Columbia),22-Jun-84,"$90,815,022 ",1984
587,76,139,10,25,Prince of Persia: The Sands of Time (Disney),28-May-10,"$90,759,676 ",2010
588,84,4,23,1,Antz (DreamWorks),02-Oct-98,"$90,757,069 ",1998
589,46,80,10,13,Scary Movie 4 (Weinstein / Dimension),14-Apr-06,"$90,710,694 ",2006
590,28,72,9,14,The Game Plan (Disney),28-Sep-07,"$90,648,399 ",2007
591,47,50,9,15,"Me, Myself & Irene (Fox)",23-Jun-00,"$90,570,164 ",2000
592,83,44,18,9,High School Musical 3: Senior Year (Disney),24-Oct-08,"$90,553,861 ",2008
593,14,36,3,8,Tyler Perry's Madea Goes to Jail (Lionsgate),20-Feb-09,"$90,508,712 ",2009
594,92,25,23,5,Space Cowboys (Warner Bros.),04-Aug-00,"$90,464,838 ",2000
595,17,32,6,9,Space Jam (Warner Bros.),15-Nov-96,"$90,418,694 ",1996
596,34,4,4,1,Trading Places (Paramount),10-Jun-83,"$90,404,094 ",1983
597,137,55,21,13,Red (2010) (Summit),15-Oct-10,"$90,380,162 ",2010
598,57,93,16,22,"Legally Blonde 2: Red, White and Blonde (MGM)",02-Jul-03,"$90,186,092 ",2003
599,170,25,39,2,Mystic River (Warner Bros.),08-Oct-03,"$90,135,613 ",2003
600,65,107,13,23,Flightplan (Disney),23-Sep-05,"$89,707,451 ",2005
601,130,39,36,3,Flight (Paramount),02-Nov-12,"$89,418,704 ",2012
602,30,11,5,2,Father of the Bride (1991) (Disney),20-Dec-91,"$89,325,988 ",1991
603,108,19,25,8,The Emperor's New Groove (Disney),15-Dec-00,"$89,302,177 ",2000
604,40,71,10,16,Scream 3 (Miramax / Dimension),04-Feb-00,"$89,143,590 ",2000
605,22,146,3,30,The Ugly Truth (Sony / Columbia),24-Jul-09,"$88,912,869 ",2009
606,69,71,11,17,Percy Jackson and the Olympians: The Lightning Thief (Fox),12-Feb-10,"$88,761,720 ",2010
607,37,112,14,21,Failure to Launch (Paramount),10-Mar-06,"$88,715,628 ",2006
608,169,27,37,5,Inside Man (Universal),24-Mar-06,"$88,634,213 ",2006
609,193,9,38,3,The Muppets (Disney),23-Nov-11,"$88,631,237 ",2011
610,33,4,1,3,Lady and the Tramp (Disney),22-Jun-55,"$88,300,200 ",1955
611,21,28,8,2,Waterworld (Universal),28-Jul-95,"$88,273,624 ",1995
612,121,69,28,14,Starsky & Hutch (Warner Bros.),05-Mar-04,"$88,237,503 ",2004
613,39,115,8,29,Along Came Polly (Universal),16-Jan-04,"$88,097,819 ",2004
614,20,14,4,2,Out of Africa (Universal),20-Dec-85,"$88,081,471 ",1985
615,20,14,4,3,The Hand That Rocks the Cradle (Disney),10-Jan-92,"$88,036,322 ",1992
616,29,1,5,0,Cinderella (Disney / RKO),15-Feb-50,"$88,000,466 ",1950
617,30,11,3,5,Back to the Future Part III (Universal),25-May-90,"$87,727,501 ",1990
618,31,50,7,11,Entrapment (Fox),30-Apr-99,"$87,704,947 ",1999
619,20,4,2,1,Peter Pan (1953) (Disney / RKO),05-Feb-53,"$87,404,669 ",1953
620,131,61,24,15,Pineapple Express (Sony / Columbia),06-Aug-08,"$87,341,257 ",2008
621,13,1,2,0,Everest (MacGillivray Freeman),06-Mar-98,"$87,178,928 ",1998
622,41,75,6,21,Saw II (Lionsgate),28-Oct-05,"$87,038,814 ",2005
623,39,0,5,0,Pinocchio (1940) (Disney / RKO),09-Feb-40,"$87,000,862 ",1940
624,20,15,6,1,The Naked Gun 2 1/2: The Smell of Fear (Paramount),28-Jun-91,"$86,930,000 ",1991
625,118,61,21,15,The Campaign (Warner Bros.),10-Aug-12,"$86,907,746 ",2012
626,31,7,5,3,The War of the Roses (Fox),08-Dec-89,"$86,888,161 ",1989
627,0,0,0,0,To Fly! (MacGillivray Freeman),01-Jul-76,"$86,712,831 ",1976
628,20,3,7,2,Space Station 3D (IMAX),19-Apr-02,"$86,658,654 ",2002
629,6,18,0,2,The Amityville Horror (1979) (AIP),27-Jul-79,"$86,432,881 ",1979
630,31,2,9,0,Presumed Innocent (Warner Bros.),27-Jul-90,"$86,303,266 ",1990
631,45,3,4,0,Young Frankenstein (Fox),15-Dec-74,"$86,273,138 ",1974
632,146,29,32,9,Mean Girls (Paramount),30-Apr-04,"$86,058,328 ",2004
633,99,34,23,9,Spy Kids 2: The Island of Lost Dreams (Miramax / Dimension),07-Aug-02,"$85,846,314 ",2002
634,11,68,3,21,Pokemon: The First Movie (Warner Bros.),10-Nov-99,"$85,744,344 ",1999
635,123,83,20,14,Real Steel (Disney / DreamWorks),07-Oct-11,"$85,468,508 ",2011
636,85,40,23,11,The SpongeBob SquarePants Movie (Paramount),19-Nov-04,"$85,417,737 ",2004
637,29,3,2,2,The Ten Commandments (1956) (Paramount),05-Oct-56,"$85,400,591 ",1956
638,48,77,10,20,Brother Bear (Disney),24-Oct-03,"$85,336,840 ",2003
639,29,4,3,1,Stripes (Columbia),26-Jun-81,"$85,297,639 ",1981
640,130,66,25,13,Anchorman: The Legend of Ron Burgundy (DreamWorks),09-Jul-04,"$85,288,020 ",2004
641,4,9,0,0,Every Which Way But Loose (Warner Bros.),20-Dec-78,"$85,196,458 ",1978
642,17,7,2,1,Rocky II (United Artists),15-Jun-79,"$85,182,286 ",1979
643,49,0,7,0,Aliens (Fox),18-Jul-86,"$85,160,275 ",1986
644,48,52,13,12,Open Season (2006) (Sony / Columbia),29-Sep-06,"$85,105,336 ",2006
645,79,41,13,9,The Expendables 2 (Lionsgate),17-Aug-12,"$85,028,192 ",2012
646,11,27,5,8,Dangerous Minds (Disney),11-Aug-95,"$84,919,171 ",1995
647,75,53,14,11,Paranormal Activity 2 (Paramount),22-Oct-10,"$84,752,907 ",2010
648,150,81,18,25,The Hobbit: An Unexpected Journey (Warner Bros. / New Line),14-Dec-12,"$84,617,303 ",2012
649,19,5,0,1,The Poseidon Adventure (Fox),13-Dec-72,"$84,563,142 ",1972
650,10,55,3,13,The Santa Clause 3: The Escape Clause (Disney),03-Nov-06,"$84,500,847 ",2006
651,155,44,28,9,"Crazy, Stupid, Love (Warner Bros.)",29-Jul-11,"$84,351,197 ",2011
652,24,89,3,23,Scooby-Doo 2: Monsters Unleashed (Warner Bros.),26-Mar-04,"$84,216,081 ",2004
653,27,6,5,2,Cliffhanger (TriStar),28-May-93,"$84,072,433 ",1993
654,68,72,14,19,Atlantis: The Lost Empire (Disney),08-Jun-01,"$84,056,545 ",2001
655,44,25,8,7,The X-Files (Fox),19-Jun-98,"$83,898,841 ",1998
656,235,24,38,4,Up in the Air (Paramount),04-Dec-09,"$83,775,533 ",2009
657,13,7,1,0,Steel Magnolias (TriStar),15-Nov-89,"$83,759,353 ",1989
658,42,122,8,21,Wrath of the Titans (Warner Bros.),30-Mar-12,"$83,670,083 ",2012
659,18,6,3,1,Under Siege (Warner Bros.),09-Oct-92,"$83,563,456 ",1992
660,69,127,7,25,Battle: Los Angeles (Sony / Columbia),11-Mar-11,"$83,552,429 ",2011
661,40,73,6,16,Immortals (Relativity Media),11-Nov-11,"$83,504,017 ",2011
662,73,1,10,1,Apocalypse Now (United Artists),15-Aug-79,"$83,471,114 ",1979
663,52,1,5,0,Airplane! (Paramount),02-Jul-80,"$83,453,906 ",1980
664,22,8,0,6,Patriot Games (Paramount),05-Jun-92,"$83,351,979 ",1992
665,119,74,23,17,Valkyrie (MGM / United Artists),25-Dec-08,"$83,077,158 ",2008
666,203,31,40,4,Brokeback Mountain (Focus),09-Dec-05,"$83,043,252 ",2005
667,27,16,5,4,Disclosure (Warner Bros.),09-Dec-94,"$83,015,156 ",1994
668,47,3,5,3,Die Hard (Fox),15-Jul-88,"$83,008,695 ",1988
669,112,31,25,11,Charlotte's Web (2006) (Paramount),15-Dec-06,"$82,985,412 ",2006
670,26,137,5,36,Monster-in-Law (New Line),13-May-05,"$82,931,013 ",2005
671,13,101,3,29,Are We There Yet? (Sony / Columbia),21-Jan-05,"$82,674,758 ",2005
672,17,26,5,3,Days of Thunder (Paramount),27-Jun-90,"$82,670,017 ",1990
673,203,25,38,4,The Descendants (Fox Searchlight),16-Nov-11,"$82,629,097 ",2011
674,62,91,9,24,Freddy Vs. Jason (New Line),15-Aug-03,"$82,622,404 ",2003
675,20,7,6,1,Mr. Holland's Opus (Disney),29-Dec-95,"$82,582,528 ",1995
676,6,86,3,25,Cheaper by the Dozen 2 (Fox),21-Dec-05,"$82,571,249 ",2005
677,37,9,7,1,Bram Stoker's Dracula (Columbia),13-Nov-92,"$82,522,851 ",1992
678,19,4,4,0,Fried Green Tomatoes (Universal),27-Dec-91,"$82,418,729 ",1991
679,80,56,14,14,Blade II (New Line),22-Mar-02,"$82,348,173 ",2002
680,138,57,27,11,Beowulf (Paramount),16-Nov-07,"$82,280,066 ",2007
681,121,23,23,4,Bridge to Terabithia (Disney),16-Feb-07,"$82,272,124 ",2007
682,14,19,2,3,Star Trek: The Motion Picture (Paramount),07-Dec-79,"$82,258,086 ",1979
683,31,109,7,27,The Pink Panther (2006) (Sony / Columbia),10-Feb-06,"$82,226,975 ",2006
684,13,2,1,0,The Goodbye Girl (Warner Bros.),30-Nov-77,"$82,000,470 ",1977
685,10,9,0,0,Jaws 2 (Universal),16-Jun-78,"$81,766,987 ",1978
686,26,4,3,1,Heaven Can Wait (1978) (Paramount),28-Jun-78,"$81,640,699 ",1978
687,106,41,19,15,Eight Below (Disney),17-Feb-06,"$81,612,111 ",2006
688,34,4,3,1,M.A.S.H. (Fox),25-Jan-70,"$81,600,139 ",1970
689,155,25,30,4,Unstoppable (2010) (Fox),12-Nov-10,"$81,562,942 ",2010
690,39,34,10,11,Payback (1999) (Paramount),05-Feb-99,"$81,526,779 ",1999
691,105,22,25,7,The Talented Mr. Ripley (Paramount),25-Dec-99,"$81,298,221 ",1999
692,176,16,39,1,School of Rock (Paramount),03-Oct-03,"$81,261,961 ",2003
693,7,9,0,0,Police Academy (Warner Bros.),23-Mar-84,"$81,198,403 ",1984
694,19,61,4,15,Snow Dogs (Disney),18-Jan-02,"$81,172,036 ",2002
695,58,106,8,24,21 (Sony / Columbia),28-Mar-08,"$81,159,618 ",2008
696,37,6,11,2,While You Were Sleeping (Disney),21-Apr-95,"$81,080,198 ",1995
697,9,34,1,12,Congo (Paramount),09-Jun-95,"$81,022,888 ",1995
698,80,74,18,20,The Notebook (New Line),25-Jun-04,"$81,001,326 ",2004
699,56,19,12,6,Jimmy Neutron: Boy Genius (Paramount),21-Dec-01,"$80,936,187 ",2001
700,85,3,13,3,Alien (Fox),25-May-79,"$80,931,087 ",1979
701,4,17,0,2,Another 48 HRS. (Paramount),08-Jun-90,"$80,818,539 ",1990
702,38,3,6,1,Moonstruck (MGM),16-Dec-87,"$80,640,773 ",1987
703,71,122,14,23,Eat Pray Love (Sony / Columbia),13-Aug-10,"$80,574,010 ",2010
704,55,98,6,28,The Texas Chainsaw Massacre (2003) (New Line),17-Oct-03,"$80,571,616 ",2003
705,17,106,4,22,Zookeeper (Sony / Columbia),08-Jul-11,"$80,360,866 ",2011
706,30,111,1,24,Alien Vs. Predator (Fox),13-Aug-04,"$80,282,078 ",2004
707,36,95,9,24,What Happens in Vegas (Fox),09-May-08,"$80,277,334 ",2008
708,22,143,8,30,The Dukes of Hazzard (Warner Bros.),05-Aug-05,"$80,270,239 ",2005
709,40,20,8,4,The Wedding Singer (New Line),13-Feb-98,"$80,245,004 ",1998
710,23,62,1,17,Saw III (Lionsgate),27-Oct-06,"$80,238,282 ",2006
711,117,55,24,12,Disturbia (Paramount / DreamWorks),13-Apr-07,"$80,209,993 ",2007
712,66,98,13,24,Nacho Libre (Paramount),16-Jun-06,"$80,197,124 ",2006
713,26,136,1,37,Jumper (Fox),14-Feb-08,"$80,172,510 ",2008
714,151,45,26,10,Cloverfield (Paramount),18-Jan-08,"$80,048,167 ",2008
715,19,15,3,1,Footloose (1984) (Paramount),17-Feb-84,"$80,035,796 ",1984
716,39,96,6,24,Dear John (Sony / Screen Gems),05-Feb-10,"$80,014,842 ",2010
717,5,8,0,1,A Star Is Born (1976) (Warner Bros.),17-Dec-76,"$80,000,605 ",1976
718,46,2,6,0,Fantasia (Disney / RKO),13-Nov-40,"$80,000,076 ",1940
